 txn_id,from_wallet,to_wallet,amount,currency,timestamp,type
1,WALLET_A,WALLET_B,1000,INR-CBDC,2025-09-24T10:00:00,trade
2,WALLET_B,WALLET_C,500,USD-Token,2025-09-24T10:05:00,remittance
3,WALLET_C,WALLET_A,2000,INR-CBDC,2025-09-24T10:10:00,settlement
4,WALLET_A,WALLET_D,750,USD-Token,2025-09-24T10:15:00,trade
5,WALLET_D,WALLET_B,300,INR-CBDC,2025-09-24T10:20:00,remittance
6,WALLET_E,WALLET_F,1250,USD-Token,2025-09-24T10:25:00,trade
7,WALLET_F,WALLET_A,600,INR-CBDC,2025-09-24T10:30:00,settlement
8,WALLET_B,WALLET_E,950,USD-Token,2025-09-24T10:35:00,remittance
9,WALLET_C,WALLET_D,400,INR-CBDC,2025-09-24T10:40:00,trade
10,WALLET_D,WALLET_F,2200,USD-Token,2025-09-24T10:45:00,settlement